Scheme,Input data/Data stored (Mbyte),Information density/Coding potential (bits/nt),Physical density(PB/g),Net information density/Information capacity(Pb/g),Full recovery,Realized capacity(Net information density/Shannon Capacity),Number of oligos,GC content (%) of sequences,Maximum homopolymer length (nt),Error correction strategy,Error types,Redundancy,Random access,Year,Source,Link,备注
Church et.al.,0.65,1,1.28,0.83,No,45%,,2.5–100,3,No,,1,No,2012,paper,https://www.science.org/doi/10.1126/science.1226355,Physical density为in vitro时的数据
Goldman et.al.,0.75,1.58,2.25,0.33,No,18%,,22.5–82.5,1,Repetition,,4,No,2013,paper,https://www.nature.com/articles/nature11875,Physical density为in vitro时的数据
Blawat et.al.,22,1.6,,0.92,Yes,50%,,,,,,1.13,No,2016,paper,https://www.sciencedirect.com/science/article/pii/S1877050916308742?via%3Dihub,Physical density的值在不同论文中不一致（25/0.005）
Grass et.al.,0.08,1.78,25,1.14,Yes,62%,,12.5–100,3,RS,"Substitutions, strand erasures",1,No,2015,paper,https://onlinelibrary.wiley.com/doi/10.1002/anie.201411378,
Bornholt et.al.,0.15,1.58,,0.88,No,48%,,,,,,1.5,Yes,2016,paper,https://dl.acm.org/doi/10.1145/2872362.2872397,
Fountain code,2.15,1.98,214,1.57,Yes,86%,,40–60,4,"Inner RS, outer fountain (Luby transform)","Substitutions, strand erasures, indels",1.07,No,2017,paper,https://www.science.org/doi/10.1126/science.aaj2038,
"Random access, Organick et,al.",200.2,,,1.1,,,,,,,,,Yes,2018,paper,https://www.nature.com/articles/nbt.4079,
Yin-yang codec,0.25,1.95,2250,,,,,40–60,4,RS,,,,2022,paper,https://www.nature.com/articles/s43588-022-00231-2,Physical density为in vitro时的数据
DNA-Aeon,,,,,,,,,,"Inner AC based, outer fountain (Raptor)","Substitution, strand erasures, indels",,,2023,paper,https://www.nature.com/articles/s41467-023-36297-3,
LDPC,,,,,,,,,,,,,,2019,paper,https://ieeexplore.ieee.org/document/8849814/,
HEDGES,,,,,,,,,,"Inner hash based, outer RS","Substitutions, strand erasures, indels",,,2020,paper,https://pnas.org/doi/full/10.1073/pnas.2004821117,
Yazdi et.al. ,,,,1.74,,,,,,,,,Yes,2016,paper,https://www.nature.com/articles/s41598-017-05188-1,该作者有3篇相近论文被其他工作引用过，这里暂时当作同一个。
Huffman tree,,,,,,,,,,,,,,2020,paper,https://ieeexplore.ieee.org/document/9082611,
Degenerate base,0.135; 0.000854,,772; 490,2; 3.37(bits/char),,,4503; 45,,,,,,,2019,paper,https://www.nature.com/articles/s41598-019-43105-w,表中数据分别对应number of encoding char为6和15
Composite base(?),6.42,,,,,,,,,,,,,2019,paper,https://www.nature.com/articles/s41587-019-0240-x,
Polar codes,,,,,,,,,,,,,,2021,paper,https://ieeexplore.ieee.org/document/9517755/,
Suyehira et.al.,,,,,,,,,,No,,,,2017,paper,https://ieeexplore.ieee.org/document/7916922,
Cao et.al.,,,,1.41,,,,,,,,,Yes,2022,paper,https://www.nature.com/articles/s41540-022-00233-w,论文中有对比的表格
Choi et.al.,,,,3.37,,,,,,,,,No,2020,paper,https://onlinelibrary.wiley.com/doi/full/10.1002/adma.202001249,
Jeong et.al,,,,1.53,,,,,,,,,No,2021,paper,https://academic.oup.com/bioinformatics/article/37/19/3136/6255306,
Lee et.al,,,,1.57,,,,,,,,,No,2019,paper,https://www.nature.com/articles/s41467-019-10258-1,