Equipment,Company,通量（并行度）,Cycle time,Total run time,Length,Type,Source,Link,estimated latency(s),# of bases(mer),Estimated throughput (MB/S)
Dr.Oligo 12/48/192XLc/768XLc,Biolytic,768,6min40s (384 columns); 9min45s (768 columns),"2h13min (384 oligos, 20mers each); 3h15min (768 oligos, 20mers each)",20 mer,Column-based,product,https://www.biolytic.com/c-699-oligo-synthesizers.aspx,11700,15360,0.328
Syn-HCY-12P,TSINGKE,12,6min,2h,120 mer or more,Column-based,product,https://www.tsingke.com.cn/intel/compose12,7200,240,0.008
Syn-HCY-192P/B,TSINGKE,192,4-6.5min,,,Column-based,product,https://www.tsingke.com.cn/intel/compose192,7800,3840,0.123
Syn-HCY-768B,TSINGKE,768,9-10min,,,Column-based,product,https://www.tsingke.com.cn/intel/compose768,12000,15360,0.32
华大自主DNA合成仪,华大生命科学研究院,可达万级,,,,Microarray-based,news,https://research.genomics.cn/articles/332,,,
OligoMaker X12,OligoMaker ApS,12,,1h,20 mer,Column-based,product,https://oligomaker.com/oligo-synthesizer-x12/,3600,240,0.017
OligoMaker X96,OligoMaker ApS,96,,,,Column-based,product,https://oligomaker.com/oligomaker-x96/,,,
OligoMaker X192,OligoMaker ApS,192,,,,Column-based,product,https://oligomaker.com/oligomaker-x192/,,,
OligoMaker 48/6,OligoMaker ApS,48,,"1.5h (10 oligos, 20-mer each); 2h (48 oligos, 20-mer each)",20 mer,Column-based,product,https://oligomaker.com/dna-rna-synthesizer/oligo-synthesizer-48/,7200,960,0.033
OligoMaker 96/6,OligoMaker ApS,96,,"3h (96 oligos, 20-mer each)",20 mer,Column-based,product,https://oligomaker.com/dna-rna-synthesizer/oligo-synthesizer-96/,10800,1920,0.044
OligoMaker 192/6,OligoMaker ApS,192,,"4h (192 oligos, 20-mer each)",20 mer,Column-based,product,https://oligomaker.com/dna-rna-synthesizer/oligo-synthesizer-192/,14400,3840,0.067
OligoMaker 384,OligoMaker ApS,384,,,,Column-based,product,https://oligomaker.com/oligomaker-384/,,,
OligoMaker 768,OligoMaker ApS,768,,,,Column-based,product,https://oligomaker.com/oligo-synthesizer-768/,,,
OligoMaker 1536,OligoMaker ApS,1536,,,,Column-based,product,https://oligomaker.com/oligo-synthesizer-1536/,,,
Unique AutoOligo 25/100/150,英赛斯/Inscinstech,"1,3,8 optional",4.5-25min,,,Column-based,product,https://www.inscinstech.com.cn/oligonucleotide-synthesizer/,,,
Unique AutoOligo 600,英赛斯/Inscinstech,1,,,,Column-based,product,https://www.inscinstech.com.cn/oligonucleotide-synthesizer/,,,
KILOBASER ONE/ONE-XT,KILOBASER,1,2.5 min,,,Column-based,product,https://kilobaser.com/dna-and-rna-synthesizer,,,
ÄKTA oligopilot plus 10/100,Cytiva,7,,,,Column-based,product,https://www.cytivalifesciences.com/en/us/shop/oligonucleotide-synthesis/synthesizers/akta-oligopilot-plus-oligonucleotide-synthesizer-p-05544,,,
ÄKTA oligosynt,Cytiva,5,,,,Column-based,product,https://www.cytivalifesciences.com/en/us/shop/oligonucleotide-synthesis/synthesizers/akta-oligosynt-oligonucleotide-synthesizer-p-29216?psmenu=2,,,
OligoPilot 400,Cytiva,1,,,,Column-based,product,https://www.cytivalifesciences.com/en/us/shop/oligonucleotide-synthesis/synthesizers/oligopilot-400-oligonucleotide-synthesizer-p-06297,,,
OligoProcess/OligoPilot,Cytiva,,,,,Column-based,product,https://www.cytivalifesciences.com/en/us/shop/oligonucleotide-synthesis/synthesizers?sort=NameAsc&chunk=1,,,
H-2,K&A,2,2 – 2.5 min,,,Column-based,product,https://ka-labs.de/dna-rna-synthesizers/h-2/,,,
H-6,K&A,6,2.5-3.5min,,,Column-based,product,https://ka-labs.de/dna-rna-synthesizers/h-6/,,,
H-8,K&A,8,3-3.5min,,,Column-based,product,https://ka-labs.de/dna-rna-synthesizers/h-8-standard/,,,
H-16,K&A,16,5.5-6min,,,Column-based,product,https://ka-labs.de/dna-rna-synthesizers/h-16-standard/,,,
H-32,K&A,32,7-8min,,,Column-based,product,https://ka-labs.de/dna-rna-synthesizers/h-32/,,,
H-64,K&A,64,,,80 bases,Column-based,product,https://ka-labs.de/dna-rna-synthesizers/h-32/h-64/,,,
S-4-LC,K&A,4,2.5-3min,,,Column-based,product,https://ka-labs.de/dna-rna-synthesizers/s-4-lc-s-8-lc/,,,
S-8-LC,K&A,8,,,,Column-based,product,https://ka-labs.de/dna-rna-synthesizers/s-4-lc-s-8-lc/,,,
Shasta 96/192,Sierra BioSystems,192,,,20 mer,Column-based,product,https://sierrabio.com/dna-synthesizers/sierra-biosystems-synthesizers/shasta-96-192-dna-synthesizer/,,,
MerMade 4,BioAutomation(Biosearch Technologies),4,,3h (20 mer),150 bases,Column-based,product,https://shop.biosearchtech.com/nucleic-acid-chemistry-reagents-and-instruments/dna-and-rna-synthesis/dna-and-rna-oligonucleotide-synthesizers/mermade-4/mermade-4-column-positions-%282020-model%29/p/AXMM4,10800,80,0.002
MerMade 6,BioAutomation(Biosearch Technologies),6,,2h (20 mer),,Column-based,product,https://shop.biosearchtech.com/nucleic-acid-chemistry-reagents-and-instruments/dna-and-rna-synthesis/dna-and-rna-oligonucleotide-synthesizers/mermade-6-and-12/mermade-6-synthesizer/p/NACINS-017,7200,120,0.004
MerMade 12,BioAutomation(Biosearch Technologies),12,,2h (20 mer),,Column-based,product,https://shop.biosearchtech.com/nucleic-acid-chemistry-reagents-and-instruments/dna-and-rna-synthesis/dna-and-rna-oligonucleotide-synthesizers/mermade-6-and-12/mermade-12-synthesizer/p/NACINS-001,7200,240,0.008
MerMade 48X,BioAutomation(Biosearch Technologies),48,,2h,,Column-based,product,https://shop.biosearchtech.com/nucleic-acid-chemistry-reagents-and-instruments/dna-and-rna-synthesis/dna-and-rna-oligonucleotide-synthesizers/mermade-48x/mermade-48x-synthesizer/p/NACINS-015,7200,960,0.033
MerMade 192X,BioAutomation(Biosearch Technologies),192,,,,Column-based,product,https://shop.biosearchtech.com/nucleic-acid-chemistry-reagents-and-instruments/dna-and-rna-synthesis/dna-and-rna-oligonucleotide-synthesizers/mermade-192x/mermade-192x-synthesizer/p/NACINS-007,,,
ABI 392,Applied Biosystems(Thermo Fisher Scientific),2,,,,Column-based,product,https://tools.thermofisher.com/content/sfs/manuals/cms_041783.pdf,,,
ABI 394,Applied Biosystems(Thermo Fisher Scientific),4,,,,Column-based,unofficial,https://www.labwrench.com/equipment/134/applied-biosystems-394,,,
ABI 3400,Applied Biosystems(Thermo Fisher Scientific),4,6–7 min for 40- and 200-nmol scales; 9min for 1.0-µmol scales,(70 min additional for on-instrument cleavage),,Column-based,product,https://assets.thermofisher.com/TFS-Assets/LSG/Warranties/cms_039211.pdf,,,
ABI 3900,Applied Biosystems(Thermo Fisher Scientific),48,5min,"10h (288 oligos, 20 mer each)",50 mer or more,Column-based,product,https://tools.thermofisher.com/content/sfs/brochures/cms_042135.pdf,36000,5760,0.04
Expedite 8909/8905,Applied Biosystems(Thermo Fisher Scientific),2 (Model 8909可扩展到16),3.5min(<4min),,,Column-based,product,https://assets.thermofisher.com/TFS-Assets/LSG/manuals/cms_041567.pdf,,,
PolyGen 10-Column DNA Synthesizer,PolyGen GmbH,10,6min,"1h45min(fast program, 20-unit Poly-T); 2h55min(high-quality program)",,Column-based,product,https://www.polygen.de/10_saeulen_synthesizer_e.html,6300,200,0.008
PolyGen 12-Column DNA Synthesizer,PolyGen GmbH,12,6min,"1h45min(fast program, 20-unit Poly-T); 2h55min(high-quality program)",,Column-based,product,https://www.polygen.de/12_saeulen_synthesizer_e.html,6300,240,0.01
PolyGen 96-Column DNA Synthesis Workstation,PolyGen GmbH,96,,"24h (1000 oligos, 20 mer each)",,Column-based,product,https://www.polygen.de/96_saeulen_workstation_e.html,86400,20000,0.058
PolyGen 384-Column DNA-SynTower,PolyGen GmbH,384,,"24h (4000 oligos, 20 mer each)",,Column-based,product,https://www.polygen.de/384_saeulen_syntower_e.html,86400,80000,0.231
96-AMOS,Stanford Genome Technology Center,96,11min,5h,20 mer,Column-based,paper,https://www.pnas.org/doi/abs/10.1073/pnas.92.17.7912,18000,1920,0.027
1536-AMOS,Stanford Genome Technology Center,1536,11.85min,"24h or less (1536 oligos, 60 mers each)",80 mer or less,Column-based,paper,https://www.sciencedirect.com/science/article/pii/S0168165613005324,86400,92160,0.267
3456-AMOS,Stanford Genome Technology Center,3456,,,,Column-based,mentioned,https://www.cell.com/heliyon/fulltext/S2405-8440(24)02998-0,,,
Oligo chip,Affymetrix,500000,,,,Microarray-based,mentioned,https://www.cell.com/heliyon/fulltext/S2405-8440(24)02998-0,,,
LC,LC Sciences,4000,,,150bp,Microarray-based,mentioned,https://www.cell.com/heliyon/fulltext/S2405-8440(24)02998-0,,,
SurePrint DNA chip,Agilent,244000,,,30–230bp,Microarray-based,mentioned,https://www.cell.com/heliyon/fulltext/S2405-8440(24)02998-0,,,
Twist,Twist Bioscience,1000000,,,,Microarray-based,mentioned,https://www.cell.com/heliyon/fulltext/S2405-8440(24)02998-0,,,
CustomArray,CustomArray,8400000,,,150bp,Microarray-based,mentioned,https://www.cell.com/heliyon/fulltext/S2405-8440(24)02998-0,,,
Evonetix,Evonetix,,,,,Microarray-based,mentioned,https://www.cell.com/heliyon/fulltext/S2405-8440(24)02998-0,,,
BGI(华大自主DNA合成仪?),BGI,100000,,,,Microarray-based,mentioned,https://www.cell.com/heliyon/fulltext/S2405-8440(24)02998-0,,,
Syntax,DNA Script,96,,,150bp,Enzymatic,mentioned,https://www.cell.com/heliyon/fulltext/S2405-8440(24)02998-0,,,
Ansa,Ansa Biotechnologies,,(lengthen a nt in 10-20s),,,Enzymatic,mentioned,https://www.cell.com/heliyon/fulltext/S2405-8440(24)02998-0,,,
Molecular Assemblies,Molecular Assemblies,,,,,Enzymatic,mentioned,https://www.cell.com/heliyon/fulltext/S2405-8440(24)02998-0,,,
Camena Bioscience,Camena Bioscience,,,,,Enzymatic,mentioned,https://www.cell.com/heliyon/fulltext/S2405-8440(24)02998-0,,,